{
  "project_info": {
    "project_number": "122034115332",
    "firebase_url": "https://emailverification-1d6b2.firebaseio.com",
    "project_id": "emailverification-1d6b2",
    "storage_bucket": "emailverification-1d6b2.appspot.com"
  },
  "client": [
    {
      "client_info": {
        "mobilesdk_app_id": "1:122034115332:android:37e9b1567bc0c919d53651",
        "android_client_info": {
          "package_name": "com.example.nevihationapplication"
        }
      },
      "oauth_client": [
        {
          "client_id": "122034115332-b9jd7i419fk686vks9gb121pb68et3eh.apps.googleusercontent.com",
          "client_type": 1,
          "android_info": {
            "package_name": "com.example.nevihationapplication",
            "certificate_hash": "4bac6164c07546396ad40c521bfb44c8bd2829d2"
          }
        },
        {
          "client_id": "122034115332-ogb20iqc61qltvn2icgrbnal8ct557gp.apps.googleusercontent.com",
          "client_type": 3
        }
      ],
      "api_key": [
        {
          "current_key": "AIzaSyCbySoXCGgIUTIjqo2itKaFRvWePE4JWYc"
        }
      ],
      "services": {
        "appinvite_service": {
          "other_platform_oauth_client": [
            {
              "client_id": "122034115332-ogb20iqc61qltvn2icgrbnal8ct557gp.apps.googleusercontent.com",
              "client_type": 3
            }
          ]
        }
      }
    }
  ],
  "configuration_version": "1"
}